{"training/max_q_value":5.3514509201049805,"reward/raw":0.39671875,"training/mean_q_value":4.5747270584106445,"performance/episode_length":429,"performance/success_rate_100":0.75,"hyperparams/epsilon":0.09,"training/mean_td_error":0.2273918092250824,"_wandb":{"runtime":1628},"reward/shaped":-3.2807812500000066,"training/q_states_unique":101685,"_runtime":1628,"_timestamp":1.7759448377016907e+09,"_step":11999}