{"q_pairs_visited":39746,"episode":9999,"_timestamp":1.7758339167331336e+09,"_step":9999,"q_states_unique":5678,"episode_length":23,"success_rate_100":1,"success":1,"_wandb":{"runtime":427},"mean_q_value":0.10981829724040403,"max_q_value":0.8562228965347969,"epsilon":0.6065230778740716,"_runtime":427.737557224,"episode_reward":0.9425}