{"training/mean_q_value":4.989989757537842,"performance/success_rate_100":0.08,"hyperparams/epsilon":0.026999999999999996,"_wandb":{"runtime":660},"_runtime":660,"performance/episode_length":431,"training/q_states_unique":53786,"reward/shaped":0.89390625,"_step":3999,"training/max_q_value":5.003536701202393,"training/mean_td_error":0.24678023159503937,"_timestamp":1.7759358489232268e+09,"reward/raw":0.39390625}