{"training/mean_td_error":0.013929408974945545,"performance/success_rate_100":0.22,"_timestamp":1.7759206331594393e+09,"performance/episode_length":640,"_wandb":{"runtime":265},"_step":1516,"training/q_states_unique":37483,"_runtime":265,"reward/raw":0,"training/mean_q_value":4.999900817871094,"reward/shaped":0,"hyperparams/epsilon":0.9039756630286072,"training/max_q_value":5.037731170654297}