{"training/mean_td_error":0.018949927762150764,"performance/success_rate_100":0.98,"training/mean_q_value":4.99997615814209,"reward/raw":0.8846875,"performance/episode_length":82,"training/q_states_unique":32415,"_timestamp":1.7759291456805463e+09,"_runtime":226,"hyperparams/epsilon":0.3,"_step":1530,"reward/shaped":1.1846875,"_wandb":{"runtime":226},"training/max_q_value":5.002336025238037}