{"hyperparams/epsilon":0.24009999999999995,"training/mean_q_value":5.013710021972656,"performance/episode_length":28,"_timestamp":1.775928912483171e+09,"reward/shaped":1.9606249999999998,"training/max_q_value":6.582851886749268,"_step":5999,"training/mean_td_error":0.1698722392320633,"_wandb":{"runtime":311},"reward/raw":0.960625,"_runtime":311,"performance/success_rate_100":1,"training/q_states_unique":47351}