{"performance/success_rate_100":0.82,"hyperparams/epsilon":0.7,"_wandb":{"runtime":727},"training/q_states_unique":75829,"_runtime":727,"training/mean_td_error":0.04918873310089111,"performance/episode_length":284,"reward/shaped":0.2548557692307667,"_timestamp":1.7759992043763971e+09,"training/mean_q_value":4.993722438812256,"reward/raw":0.600625,"_step":4999,"training/max_q_value":5.043885231018066}