{"training/q_states_unique":47466,"training/mean_q_value":0.035535164177417755,"_wandb":{"runtime":359},"training/mean_td_error":0.07623867690563202,"_timestamp":1.7759225106509929e+09,"_runtime":359,"performance/episode_length":15,"reward/shaped":1.4789062499999999,"reward/raw":0.97890625,"hyperparams/epsilon":0.05,"training/max_q_value":1.2009207010269165,"_step":5999,"performance/success_rate_100":0.91}