{"training/mean_td_error":0.034737445414066315,"training/q_states_unique":33348,"_wandb":{"runtime":518},"_timestamp":1.7759467812753594e+09,"reward/raw":0,"training/mean_q_value":4.96445894241333,"training/max_q_value":5.072906017303467,"performance/episode_length":640,"_step":2999,"performance/success_rate_100":0.03,"_runtime":518,"hyperparams/epsilon":1,"reward/shaped":-0.36366666666666564}