{"training/max_q_value":5.348937034606934,"training/q_states_unique":100751,"_step":11999,"reward/raw":0.90859375,"hyperparams/epsilon":0.3429999999999999,"training/mean_q_value":4.602782726287842,"_runtime":1619,"reward/shaped":0.00859374999999829,"performance/success_rate_100":0.79,"performance/episode_length":65,"training/mean_td_error":0.18511833250522614,"_timestamp":1.775943203000919e+09,"_wandb":{"runtime":1619}}