{"training/mean_td_error":0.011788926087319851,"training/mean_q_value":0.0024959787260740995,"training/q_states_unique":29519,"_wandb":{"runtime":341},"hyperparams/epsilon":1,"reward/raw":0,"training/max_q_value":0.1573876440525055,"_timestamp":1.775916259698016e+09,"_step":1876,"performance/success_rate_100":0.02,"reward/shaped":0.25,"performance/episode_length":640,"_runtime":341}