{"mean_q_value":0.015678271534085297,"epsilon":0.6065154956247766,"_step":4999,"_wandb":{"runtime":256},"_timestamp":1.7758163022162573e+09,"max_q_value":0.8977397333879625,"episode_reward":0.9025,"episode_length":39,"_runtime":256.046883174,"q_pairs_visited":37639,"q_states_unique":5377,"success":1,"episode":4999,"success_rate_100":0.99}