{"_step":5999,"_runtime":330,"reward/shaped":1.4789062499999999,"training/mean_q_value":2.6879546567215584e-05,"performance/success_rate_100":0.96,"_wandb":{"runtime":330},"_timestamp":1.775923162043887e+09,"training/mean_td_error":0.09743275493383408,"performance/episode_length":15,"hyperparams/epsilon":0.05,"reward/raw":0.97890625,"training/max_q_value":0.019204668700695038,"training/q_states_unique":42964}