{"training/q_states_unique":68184,"_timestamp":1.7759247580424588e+09,"performance/episode_length":135,"reward/raw":0.81015625,"performance/success_rate_100":0.3,"reward/shaped":1.31015625,"_runtime":994,"_wandb":{"runtime":994},"training/mean_td_error":0.2173956036567688,"training/max_q_value":5.050972938537598,"hyperparams/epsilon":0.050158333333333305,"training/mean_q_value":4.8653059005737305,"_step":5999}