{"training/mean_q_value":4.999160289764404,"performance/episode_length":640,"_wandb":{"runtime":80},"_step":448,"reward/shaped":-0.9087499999999982,"training/max_q_value":5.001586437225342,"reward/raw":0,"training/mean_td_error":0.04886636883020401,"hyperparams/epsilon":1,"_runtime":80,"performance/success_rate_100":0.02,"training/q_states_unique":17174,"_timestamp":1.776001043561244e+09}