{"_step":2196,"performance/success_rate_100":0.06,"hyperparams/epsilon":0.3,"reward/shaped":0.049999999999999996,"training/max_q_value":5.0092339515686035,"_timestamp":1.7759282099453814e+09,"training/mean_q_value":4.9619622230529785,"training/mean_td_error":0.24501201510429382,"training/q_states_unique":39092,"_runtime":381,"_wandb":{"runtime":381},"reward/raw":0,"performance/episode_length":640}