{"_wandb":{"runtime":808},"performance/episode_length":255,"_timestamp":1.776003626092513e+09,"performance/success_rate_100":0.31,"_runtime":808,"reward/shaped":-4.566286057692301,"training/mean_q_value":4.868579864501953,"training/q_states_unique":70669,"hyperparams/epsilon":0.010000097709080377,"reward/raw":0.64140625,"_step":4999,"training/mean_td_error":0.24711191654205322,"training/max_q_value":5.068327903747559}