{"performance/episode_length":23,"training/q_states_unique":42159,"training/max_q_value":6.397776126861572,"training/mean_q_value":5.049258708953857,"training/mean_td_error":0.045427095144987106,"reward/raw":0.96765625,"_wandb":{"runtime":456},"reward/shaped":1.46765625,"_step":7290,"_timestamp":1.7759217780294805e+09,"_runtime":456,"hyperparams/epsilon":0.125,"performance/success_rate_100":0.97}