{"reward/shaped":-0.365714285714283,"performance/success_rate_100":0.02,"training/mean_td_error":0.04280414059758186,"training/mean_q_value":4.997960567474365,"_timestamp":1.7759450436796784e+09,"performance/episode_length":640,"training/q_states_unique":25109,"hyperparams/epsilon":1,"training/max_q_value":5.014706134796143,"_wandb":{"runtime":200},"_runtime":200,"_step":1162,"reward/raw":0}