{"_wandb":{"runtime":1150},"_timestamp":1.7759390190278428e+09,"training/q_states_unique":85766,"hyperparams/epsilon":0.09,"training/max_q_value":5.497241020202637,"performance/success_rate_100":0.88,"training/mean_td_error":0.17428293824195862,"reward/raw":0.769375,"reward/shaped":1.7693750000000001,"_runtime":1150,"performance/episode_length":164,"training/mean_q_value":4.674993515014648,"_step":8999}