{"training/q_states_unique":26228,"training/mean_q_value":5.000265598297119,"training/mean_td_error":0.010072982870042324,"_step":1325,"reward/shaped":0.0524375,"performance/success_rate_100":0.01,"performance/episode_length":640,"training/max_q_value":5.138955593109131,"hyperparams/epsilon":1,"reward/raw":0,"_timestamp":1.7759487619141934e+09,"_wandb":{"runtime":227},"_runtime":227}