{"reward/shaped":-0.19750000000000034,"_step":1357,"_wandb":{"runtime":233},"_runtime":233,"performance/success_rate_100":0.01,"training/mean_q_value":4.967311382293701,"training/q_states_unique":26814,"_timestamp":1.775945825955942e+09,"performance/episode_length":640,"hyperparams/epsilon":1,"reward/raw":0,"training/mean_td_error":0.016843151301145554,"training/max_q_value":5.133546829223633}