{"reward/raw":0.97890625,"reward/shaped":1.9720062499999997,"hyperparams/epsilon":0.05,"training/mean_td_error":0.16837209463119507,"training/mean_q_value":5.000401020050049,"_timestamp":1.7759471648139086e+09,"training/q_states_unique":44088,"_runtime":376,"training/max_q_value":6.004571914672852,"_step":11999,"performance/episode_length":15,"_wandb":{"runtime":376},"performance/success_rate_100":1}