{"training/q_states_unique":24640,"_runtime":191,"training/mean_td_error":0.04859624058008194,"training/mean_q_value":4.998218536376953,"reward/raw":0,"_wandb":{"runtime":191},"performance/success_rate_100":0.01,"hyperparams/epsilon":1,"_timestamp":1.7759408360115402e+09,"_step":1054,"reward/shaped":0.06923076923076923,"training/max_q_value":5.007119655609131,"performance/episode_length":640}