{"performance/episode_length":15,"training/q_states_unique":43607,"training/mean_td_error":0.05961821600794792,"_timestamp":1.7759234980551436e+09,"_step":5999,"reward/raw":0.97890625,"training/mean_q_value":0.0009835816454142332,"training/max_q_value":0.889633297920227,"hyperparams/epsilon":0.05,"_wandb":{"runtime":330},"performance/success_rate_100":0.98,"reward/shaped":1.27890625,"_runtime":330}