{"_wandb":{"runtime":339},"training/mean_td_error":0.0923757553100586,"performance/episode_length":15,"hyperparams/epsilon":0.05,"training/mean_q_value":4.996195316314697,"training/max_q_value":5.755646705627441,"_step":5999,"_runtime":339,"performance/success_rate_100":1,"_timestamp":1.7759285959731913e+09,"reward/raw":0.97890625,"reward/shaped":1.97890625,"training/q_states_unique":43143}