{"training/mean_td_error":0.04417525976896286,"_runtime":301,"performance/success_rate_100":1,"training/mean_q_value":0.01463839691132307,"_step":5999,"_timestamp":1.7759228241723354e+09,"performance/episode_length":15,"reward/shaped":1.4789062499999999,"hyperparams/epsilon":0.1,"_wandb":{"runtime":301},"reward/raw":0.97890625,"training/q_states_unique":48397,"training/max_q_value":0.9595746994018555}