{"_timestamp":1.776002518859215e+09,"_step":4208,"success":0,"q_pairs_visited":205338,"mean_epsilon":0.6528310179471455,"q_states_unique":29289,"episode_length":640,"success_rate_100":0,"_wandb":{"runtime":803},"_runtime":803.975560497,"episode_reward":0,"max_q_value":0,"mean_q_value":0,"episode":4208}