{"performance/episode_length":64,"training/mean_td_error":0.05602745711803436,"reward/shaped":1.2496153846153841,"_runtime":619,"performance/success_rate_100":0.89,"hyperparams/epsilon":0.3429999999999999,"_timestamp":1.775999836920022e+09,"training/q_states_unique":79622,"training/mean_q_value":4.9964799880981445,"_step":4999,"_wandb":{"runtime":619},"training/max_q_value":5.057022571563721,"reward/raw":0.91}