{"training/q_states_unique":51197,"reward/shaped":1.863810096153846,"performance/success_rate_100":1,"_step":4999,"_wandb":{"runtime":395},"training/mean_td_error":0.06462748348712921,"_timestamp":1.7760009585334451e+09,"hyperparams/epsilon":0.125,"_runtime":395,"reward/raw":0.96765625,"performance/episode_length":23,"training/mean_q_value":4.996850967407227,"training/max_q_value":5.827824115753174}