{"hyperparams/epsilon":0.08235429999999996,"_runtime":951,"_step":8999,"training/q_states_unique":78718,"reward/shaped":1.2268750000000002,"_timestamp":1.7759399755923371e+09,"training/mean_td_error":0.05302423611283302,"_wandb":{"runtime":951},"performance/success_rate_100":0.93,"training/mean_q_value":4.960503578186035,"performance/episode_length":52,"reward/raw":0.926875,"training/max_q_value":5.418035507202148}