{"reward/shaped":-7.8285714285714265,"training/q_states_unique":26642,"performance/episode_length":640,"performance/success_rate_100":0.01,"reward/raw":0,"_wandb":{"runtime":228},"training/mean_q_value":4.827493190765381,"_step":1320,"training/max_q_value":5.069366455078125,"training/mean_td_error":0.07991903275251389,"hyperparams/epsilon":1,"_timestamp":1.7759455848809247e+09,"_runtime":228}