{"performance/success_rate_100":1,"_wandb":{"runtime":282},"training/mean_q_value":5.001187324523926,"_runtime":282,"_timestamp":1.775929435263051e+09,"training/mean_td_error":0.11886408925056458,"training/max_q_value":6.089319705963135,"performance/episode_length":16,"training/q_states_unique":41331,"reward/shaped":1.9775,"hyperparams/epsilon":0.0625,"reward/raw":0.9775,"_step":5999}