{"_wandb":{"runtime":909},"performance/success_rate_100":0.85,"training/max_q_value":5.004334926605225,"training/mean_td_error":0.050649091601371765,"performance/episode_length":307,"hyperparams/epsilon":0.10029997499999999,"reward/shaped":0.8682812500000001,"_step":5999,"_timestamp":1.7759256725781186e+09,"reward/raw":0.5682812500000001,"training/q_states_unique":85877,"_runtime":909,"training/mean_q_value":4.999675273895264}