{"_step":9999,"max_q_value":0.3165486262296217,"q_states_unique":5740,"episode":9999,"_wandb":{"runtime":424},"_timestamp":1.7758312937964156e+09,"episode_length":49,"episode_reward":0.8775,"success":1,"success_rate_100":1,"_runtime":424.516608504,"mean_q_value":0.0011080960498815334,"epsilon":0.6065230778740716,"q_pairs_visited":40180}