{"_step":1202,"training/q_states_unique":25728,"performance/success_rate_100":0.02,"training/mean_td_error":0.18709222972393036,"training/mean_q_value":4.939589977264404,"_runtime":215,"reward/raw":0,"_timestamp":1.7759278229823809e+09,"_wandb":{"runtime":215},"performance/episode_length":640,"hyperparams/epsilon":0.9927639399666667,"training/max_q_value":5.022951126098633,"reward/shaped":0.1}