{"training/mean_td_error":0.09089990705251694,"training/q_states_unique":46666,"performance/episode_length":14,"_timestamp":1.7759462495629873e+09,"reward/shaped":1.9173125,"training/mean_q_value":4.99855899810791,"reward/raw":0.9803125,"_step":11999,"performance/success_rate_100":1,"hyperparams/epsilon":0.01,"_wandb":{"runtime":416},"_runtime":416,"training/max_q_value":5.884970664978027}