{"success":1,"_timestamp":1.775828367721943e+09,"epsilon":0.899599791782472,"episode":1057,"_runtime":89.368611389,"episode_length":360,"_wandb":{"runtime":89},"q_states_unique":4652,"q_pairs_visited":32564,"_step":1057,"mean_q_value":0.04200068041802857,"max_q_value":0.6197502099238174,"episode_reward":0.21,"success_rate_100":0.95}