{"training/mean_q_value":4.985440731048584,"_step":3905,"_runtime":672,"performance/episode_length":640,"hyperparams/epsilon":0.3,"performance/success_rate_100":0.18,"training/max_q_value":5.000237941741943,"reward/shaped":-0.3437499999999993,"_wandb":{"runtime":672},"_timestamp":1.7760005441413898e+09,"training/mean_td_error":0.24889525771141052,"training/q_states_unique":52820,"reward/raw":0}