{"performance/success_rate_100":0.01,"_wandb":{"runtime":464},"training/mean_q_value":4.994336128234863,"reward/raw":0,"_timestamp":1.7759217785685942e+09,"training/mean_td_error":0.24685974419116974,"training/q_states_unique":33115,"_runtime":464,"hyperparams/epsilon":0.973847004,"training/max_q_value":5,"performance/episode_length":640,"_step":2557,"reward/shaped":0.039999999999999994}