{"success_rate_100":0.02,"_runtime":28.249473857,"epsilon":1,"q_pairs_visited":64442,"_timestamp":1.7759001553668175e+09,"episode":170,"episode_length":640,"q_states_unique":9196,"_wandb":{"runtime":28},"max_q_value":0.004895846359431744,"_step":170,"episode_reward":0.6923076923076923,"success":0,"mean_q_value":2.277030262121116e-06}