{"episode":14999,"_wandb":{"runtime":386},"_runtime":386,"episode_reward":0.9275,"epsilon":0.47235769565598273,"q_table_size":41531,"_timestamp":1.7758104787258332e+09,"_step":14999}