{"_runtime":667,"reward/raw":0.97890625,"training/mean_td_error":0.07004925608634949,"training/q_states_unique":57455,"training/max_q_value":6.237067222595215,"performance/episode_length":15,"_wandb":{"runtime":667},"performance/success_rate_100":1,"_step":5999,"_timestamp":1.775927603470142e+09,"hyperparams/epsilon":0.05047492083773142,"training/mean_q_value":5.020251750946045,"reward/shaped":1.4789062499999999}