{"training/mean_td_error":0.006305251270532608,"hyperparams/epsilon":0.9994650414432692,"_runtime":13,"performance/episode_length":640,"training/q_states_unique":4733,"_wandb":{"runtime":13},"training/max_q_value":5.035948753356934,"_timestamp":1.776003678356857e+09,"reward/raw":0,"training/mean_q_value":4.999623775482178,"_step":74,"reward/shaped":-0.013800000000000395,"performance/success_rate_100":0.04}