{"_runtime":255,"reward/shaped":1.2775,"training/mean_td_error":0.06916885077953339,"_wandb":{"runtime":255},"performance/success_rate_100":0.98,"training/q_states_unique":41524,"training/mean_q_value":0.000574306002818048,"_step":5999,"hyperparams/epsilon":0.1,"performance/episode_length":16,"_timestamp":1.7759237589571052e+09,"reward/raw":0.9775,"training/max_q_value":0.950771152973175}