{"_wandb":{"runtime":271},"_step":1580,"hyperparams/epsilon":1,"_runtime":271,"training/mean_q_value":5.001041412353516,"training/mean_td_error":0.010324728675186634,"training/q_states_unique":27727,"reward/raw":0,"performance/success_rate_100":0.03,"performance/episode_length":640,"training/max_q_value":5.175926685333252,"reward/shaped":0.11207692307692516,"_timestamp":1.7759474435229008e+09}