{"_wandb":{"runtime":1461},"training/mean_td_error":0.24771735072135925,"_step":8999,"performance/episode_length":640,"training/mean_q_value":4.988537788391113,"training/q_states_unique":91912,"reward/raw":0,"hyperparams/epsilon":0.24009999999999995,"_timestamp":1.7759378591729217e+09,"performance/success_rate_100":0.35,"training/max_q_value":5.020123481750488,"reward/shaped":0.3,"_runtime":1461}