{"_timestamp":1.7759207860972557e+09,"training/mean_q_value":4.981429100036621,"reward/shaped":6.938893903907228e-18,"performance/episode_length":640,"training/mean_td_error":0.03846832364797592,"hyperparams/epsilon":0.9999999998170856,"_step":171,"training/q_states_unique":9096,"performance/success_rate_100":0.03,"_wandb":{"runtime":31},"_runtime":31,"reward/raw":0,"training/max_q_value":5.021401882171631}