{"training/mean_q_value":5.005781650543213,"_step":1688,"reward/raw":0,"_wandb":{"runtime":293},"performance/success_rate_100":0.03,"training/q_states_unique":28165,"_timestamp":1.7759453440626233e+09,"_runtime":293,"reward/shaped":0.11213333333333136,"training/max_q_value":5.271204948425293,"training/mean_td_error":0.011708344332873821,"performance/episode_length":640,"hyperparams/epsilon":1}