{"performance/episode_length":640,"reward/raw":0,"training/mean_td_error":0.01983143761754036,"training/max_q_value":5.149718284606934,"_timestamp":1.7759481649090214e+09,"training/q_states_unique":26165,"_runtime":233,"hyperparams/epsilon":1,"training/mean_q_value":4.9640607833862305,"_wandb":{"runtime":233},"reward/shaped":-0.23409090909091057,"_step":1343,"performance/success_rate_100":0.01}