{"_step":14999,"reward/raw":0.96203125,"_runtime":1168,"reward/shaped":1.2620312500000002,"training/max_q_value":1.0203315019607544,"training/mean_q_value":0.0023103486746549606,"_wandb":{"runtime":1168},"hyperparams/epsilon":0.20595294117647056,"training/q_states_unique":69156,"performance/episode_length":27,"training/mean_td_error":0.12783071398735046,"_timestamp":1.7759174574938872e+09,"performance/success_rate_100":1}