{"success_rate_100":0.02,"_runtime":172.898743849,"_timestamp":1.7758545656522546e+09,"episode_length":640,"q_pairs_visited":175861,"epsilon":1,"q_states_unique":25077,"success":0,"_wandb":{"runtime":172},"_step":1109,"mean_q_value":8.656928002892528e-06,"max_q_value":0.01210545003414154,"episode":1109,"episode_reward":0}