{"max_q_value":0.07356734573841095,"epsilon":1,"_wandb":{"runtime":911},"episode":729,"episode_reward":0,"_runtime":911.460745558,"_timestamp":1.7759021270135417e+09,"success_rate_100":0.01,"_step":729,"episode_length":2560,"success":0,"q_pairs_visited":1589756,"q_states_unique":227026,"mean_q_value":0.0003147870011162013}