{"training/max_q_value":5.557497501373291,"reward/shaped":-0.020875000000000005,"training/mean_td_error":0.030803095549345016,"reward/raw":0,"training/mean_q_value":5.0145368576049805,"hyperparams/epsilon":1,"_timestamp":1.7759476835786827e+09,"_wandb":{"runtime":227},"_step":1312,"training/q_states_unique":26196,"performance/success_rate_100":0.03,"performance/episode_length":640,"_runtime":227}