{"_runtime":967,"reward/shaped":1.21140625,"reward/raw":0.91140625,"performance/episode_length":63,"performance/success_rate_100":0.89,"_wandb":{"runtime":967},"hyperparams/epsilon":0.10059985001666583,"_timestamp":1.7759269304885893e+09,"training/q_states_unique":76821,"training/max_q_value":5.028866767883301,"_step":5999,"training/mean_td_error":0.05774582177400589,"training/mean_q_value":4.997875690460205}