{"_runtime":12,"_timestamp":1.775917477063903e+09,"hyperparams/epsilon":1,"_step":65,"training/max_q_value":0.05173478648066521,"performance/episode_length":640,"training/mean_q_value":0.0009734111954458058,"training/q_states_unique":4412,"training/mean_td_error":0.0026248886715620756,"reward/shaped":0,"reward/raw":0,"_wandb":{"runtime":12},"performance/success_rate_100":0.030303030303030304}