{"training/mean_td_error":0.011326847597956657,"training/max_q_value":5.1039910316467285,"performance/success_rate_100":0.02,"training/mean_q_value":4.9998650550842285,"reward/shaped":0,"_wandb":{"runtime":450},"hyperparams/epsilon":0.9954769008570933,"_step":2489,"_runtime":450,"training/q_states_unique":32084,"_timestamp":1.775921295832154e+09,"reward/raw":0,"performance/episode_length":640}