{"_runtime":234,"training/mean_q_value":5.000270843505859,"performance/episode_length":640,"hyperparams/epsilon":1,"_wandb":{"runtime":234},"performance/success_rate_100":0.01,"_step":1323,"training/mean_td_error":0.004742281977087259,"reward/shaped":0.04999999999999999,"training/max_q_value":5.133677959442139,"_timestamp":1.7759404238492858e+09,"training/q_states_unique":25679,"reward/raw":0}